cell_type,gene
Adipocyte,ADIPOQ
Adipocyte,FABP4
Adipocyte,LEP
Astrocyte,GFAP
Astrocyte,GJA1
B_cell,MS4A1
B_cell,CD79A
B_cell,CD79B
Basophil,CCR3
Basophil,IL3RA
Dendritic,CCR7
Dendritic,CD86
Dendritic,CLEC10A
Endothelial,VWF
Endothelial,CDH5
Endothelial,CLEC14A
Endothelial,CLDN5
Endothelial,ADGRL4
Epithelial,EPCAM
Epithelial,KRT19
Epithelial,KRT7
Epithelial,MUC1
Erythrocyte,HBA1
Erythrocyte,HBA2
Erythrocyte,HBB
Fibroblast,COL1A1
Fibroblast,COL1A2
Fibroblast,COL3A1
Fibroblast,LUM
Immune,PTPRC
Keratinocyte,FLG
Keratinocyte,IVL
Keratinocyte,LORICRIN
Lymphovascular,CCL21
Lymphovascular,TFF3
Macrophage,AIF1
Macrophage,CD14
Macrophage,CD163
Mast,CPA3
Mast,MS4A2
Mast,TPSB2
Melanocyte,DCT
Melanocyte,MLANA
Melanocyte,PMEL
Melanocyte,TYR
Melanocyte,TYRP1
Monocyte,CCR2
Monocyte,CSF1R
Myocyte,ACTA1
Myocyte,DES
Myocyte,MYL1
Myocyte,TTN
Myocyte,NEB
Neuron,ENO2
Neuron,RBFOX3
Neutrophil,AZU1
Neutrophil,CTSG
Neutrophil,ELANE
Neutrophil,MPO
NK_cell,NKG7
NK_cell,KLRD1
NK_cell,GZMB
NK_cell,KLRF1
Oligodendrocyte,TF
Oligodendrocyte,PLP1
Oligodendrocyte,CLDN11
Oligodendrocyte,MAG
Oligodendrocyte,MBP
Oligodendrocyte,MOG
OPC,OLIG1
OPC,OLIG2
OPC,NEU4
Pericyte,RGS5
Pericyte,ESAM
Pericyte,MEF2C
Plasma,JCHAIN
Plasma,MZB1
Plasma,TNFRSF17
T_cell,CD2
T_cell,CD3D
T_cell,CD3E
